average clustering coefficient,center,radius,medium distance,transitivity,omega,sigma
0.1651253164742771,"['Gianluca Demartini', 'Kevin Roitero', 'Michael Soprano', 'Stefano Mizzaro']",2,2.651742993848257,0.14793856103476152,-0.00079175175449131,0.9060503728636843
0.2589334211807391,"['Gianluca Demartini', 'Kevin Roitero', 'Michael Soprano', 'Stefano Mizzaro']",2,2.4904306220095696,0.16306068601583112,0.41109824446329646,0.924573820819872
