Average Clustering Coefficient,Center,Radius,Medium Distance,Transitivity,Omega,Sigma
0.1651253164742771,"['Gianluca Demartini', 'Kevin Roitero', 'Michael Soprano', 'Stefano Mizzaro']",2,2.651742993848257,0.14793856103476152,-0.007989986233543744,0.9203271453293835
0.35096820147054764,"['Gianluca Demartini', 'Kevin Roitero', 'Michael Soprano', 'Stefano Mizzaro']",2,2.4603554340396445,0.16120777891504606,0.2709038237408832,0.9690846685142883
